Order ID,Session
1252,27619
1253,27679
1254,27758
1255,27770
1256,27793
1257,27835
1258,27907
1259,27951
1260,27981
1261,27994
1262,28116
1263,28121
1264,28126
1265,28134
1266,28168
1267,28180
1268,28211
1269,28262
1270,28298
1271,28309
1272,28324
1273,28349
1274,28437
1275,28515
1276,28527
1277,28533
1278,28597
1279,28606
1280,28682
1281,28703
1282,28770
1283,28822
1284,28859
1285,28859
1286,28861
1287,28917
1288,28930
1289,28939
1290,28950
1291,29124
1292,29153
1293,29181
1294,29181
1295,29184
1296,29319
1297,29373
1298,29381
1299,29408
1300,29412
1301,29451
1302,29452
1303,29495
1304,29533
1305,29579
1306,29582
1307,29587
1308,29638
1309,29656
1310,29674
1311,29685
1312,29704
1313,29765
1314,29781
1315,29821
1316,29877
1317,29905
1318,29906
1319,29966
1320,30029
1321,30081
1322,30092
1323,30138
1324,30167
1325,30215
1326,30318
1327,30360
1328,30448
1329,30449
1330,30497
1331,30591
1332,30612
1333,30620
1334,30676
1335,30676
1336,30766
1337,30797
1338,30818
1339,30861
1340,30881
1341,30946
1342,30982
1343,31011
1344,31044
1345,31080
1346,31087
1347,31122
1348,31158
1349,31166
1350,31177
1351,31184
1352,31272
1353,31331
1354,31344
1355,31369
1356,31381
1357,31396
1358,31493
1359,31523
1360,31573
1361,31629
1362,31637
1363,31655
1364,31664
1365,31685
1366,31691
1367,31693
1368,31717
1369,31744
1370,31757
1371,31795
1372,31829
1373,31862
1374,31867
1375,31888
1376,31911
1377,31938
1378,32005
1379,32065
1380,32067
1381,32142
1382,32171
1383,32259
1384,32389
1385,32401
1386,32425
1387,32429
1388,32438
1389,32483
1390,32533
1391,32617
1392,32619
1393,32650
1394,32707
1395,32723
1396,32727
1397,32759
1398,32800
1399,32856
1400,32878
1401,32896
1402,32951
1403,33037
1404,33072
1405,33082
1406,33100
1407,33111
1408,33113
1409,33200
1410,33220
1411,33239
1412,33330
1413,33353
1414,33462
1415,33474
1416,33488
1417,33521
1418,33530
1419,33540
1420,33652
1421,33658
1422,33665
1423,33705
1424,33719
1425,33818
1426,33834
1427,33922
1428,34112
1429,34269
1430,34308
1431,34324
1432,34376
1433,34424
1434,34473
1435,34475
1436,34478
1437,34500
1438,34558
1439,34559
1440,34596
1441,34654
1442,34662
1443,34702
1444,34731
1445,34734
1446,34737
1447,34750
1448,34813
1449,34856
1450,34878
1451,34924
1452,34924
1453,34933
1454,35061
1455,35131
1456,35136
1457,35190
1458,35208
1459,35230
1460,35246
1461,35263
1462,35280
1463,35287
1464,35307
1465,35343
1466,35348
1467,35349
1468,35449
1469,35577
1470,35640
1471,35689
1472,35709
1473,35732
1474,35785
1475,35838
1476,35874
1477,35923
1478,35927
1479,35935
1480,35947
1481,35948
1482,35956
1483,36037
1484,36097
1485,36102
1486,36169
1487,36187
1488,36238
1489,36290
1490,36304
1491,36307
1492,36309
1493,36353
1494,36400
1495,36477
1496,36571
1497,36582
1498,36604
1499,36644
1500,36663
1501,36685
1502,36743
1503,36767
1504,36785
1505,36947
1506,36966
1507,36975
1508,36988
1509,37005
1510,37041
1511,37056
1512,37097
1513,37151
1514,37306
1515,37307
1516,37364
1517,37444
1518,37508
1519,37508
1520,37527
1521,37727
1522,37772
1523,37789
1524,37859
1525,37872
1526,37873
1527,37909
1528,37941
1529,37966
1530,38005
1531,38012
1532,38012
1533,38037
1534,38117
1535,38150
1536,38166
1537,38214
1538,38216
1539,38238
1540,38268
1541,38296
1542,38340
1543,38354
1544,38403
1545,38446
1546,38618
1547,38690
1548,38705
1549,38718
1550,38767
1551,38776
1552,38812
1553,38954
1554,38978
1555,39035
1556,39100
1557,39108
1558,39231
1559,39281
1560,39284
1561,39331
1562,39379
1563,39390
1564,39432
1565,39448
1566,39462
1567,39468
1568,39503
1569,39504
1570,39532
1571,39543
1572,39568
1573,39586
1574,39615
1575,39797
1576,39815
1577,39833
1578,39860
1579,39889
1580,39936
1581,40002
1582,40002
1583,40023
1584,40030
1585,40044
1586,40067
1587,40068
1588,40080
1589,40153
1590,40178
1591,40184
1592,40232
1593,40244
1594,40333
1595,40379
1596,40410
1597,40417
1598,40436
1599,40447
1600,40465
1601,40490
1602,40519
1603,40521
1604,40559
1605,40640
1606,40652
1607,40695
1608,40718
1609,40720
1610,40858
1611,40945
1612,40986
1613,41003
1614,41050
1615,41058
1616,41195
1617,41240
1618,41290
1619,41346
1620,41471
1621,41475
1622,41596
1623,41624
1624,41703
1625,41715
1626,41728
1627,41744
1628,41747
1629,41747
1630,41820
1631,41861
1632,41889
1633,41939
1634,41983
1635,41987
1636,41991
1637,42071
1638,42083
1639,42085
1640,42161
1641,42313
1642,42368
1643,42446
1644,42469
1645,42484
1646,42595
1647,42647
1648,42651
1649,42690
1650,42872
1651,42906
1652,42914
1653,42917
1654,43011
1655,43040
1656,43075
1657,43108
1658,43148
1659,43161
1660,43189
1661,43222
1662,43284
1663,43307
1664,43413
1665,43439
1666,43536
1667,43577
1668,43665
1669,43730
1670,43810
1671,43873
1672,43882
1673,43951
1674,44051
1675,44080
1676,44106
1677,44123
1678,44141
1679,44159
1680,44166
1681,44169
1682,44189
1683,44254
1684,44295
1685,44304
1686,44306
1687,44356
1688,44370
1689,44407
1690,44478
1691,44483
1692,44535
1693,44537
1694,44559
1695,44567
1696,44617
1697,44636
1698,44658
1699,44811
1700,44822
1701,44892
1702,44911
1703,44929
1704,44990
1705,44996
1706,45003
1707,45024
1708,45046
1709,45082
1710,45097
1711,45112
1712,45190
1713,45193
1714,45244
1715,45249
1716,45307
1717,45315
1718,45322
1719,45402
1720,45405
1721,45417
1722,45421
1723,45456
1724,45465
1725,45538
1726,45571
1727,45626
1728,45627
1729,45663
1730,45762
1731,45809
1732,45817
1733,45925
1734,45968
1735,46040
1736,46043
1737,46072
1738,46075
1739,46108
1740,46125
1741,46233
1742,46250
1743,46321
1744,46344
1745,46347
1746,46360
1747,46503
1748,46512
1749,46536
1750,46543
1751,46563
1752,46614
1753,46624
1754,46667
1755,46717
1756,46767
1757,46778
1758,46785
1759,46818
1760,46820
1761,46821
1762,46821
1763,46822
1764,46852
1765,46917
1766,46959
1767,46959
1768,46992
1769,47106
1770,47192
1771,47243
1772,47325
1773,47380
1774,47433
1775,47438
1776,47445
1777,47462
1778,47706
1779,47866
1780,47884
1781,47904
1782,47988
1783,48010
1784,48035
1785,48071
1786,48078
1787,48134
1788,48224
1789,48227
1790,48242
1791,48281
1792,48423
1793,48494
1794,48529
1795,48536
1796,48568
1797,48571
1798,48574
1799,48600
1800,48607
1801,48622
1802,48723
1803,48763
1804,48820
1805,48833
1806,48856
1807,48867
1808,48934
1809,48989
1810,49002
1811,49035
1812,49066
1813,49079
1814,49087
1815,49116
1816,49158
1817,49171
1818,49172
1819,49200
1820,49222
1821,49224
1822,49259
1823,49267
1824,49281
1825,49362
1826,49401
1827,49478
1828,49489
1829,49501
1830,49597
1831,49609
1832,49614
1833,49628
1834,49662
1835,49754
1836,49772
1837,49812
1838,49848
1839,49869
1840,49875
1841,49890
1842,49897
1843,49902
1844,49904
1845,50005
1846,50065
1847,50117
1848,50154
1849,50238
1850,50259
1851,50277
1852,50335
1853,50337
1854,50366
1855,50439
1856,50447
1857,50461
1858,50569
1859,50592
1860,50675
1861,50759
1862,50766
1863,50774
1864,50811
1865,50892
1866,50911
1867,50947
1868,50950
1869,51030
1870,51091
1871,51101
1872,51102
1873,51136
1874,51149
1875,51174
1876,51183
1877,51202
1878,51272
1879,51283
1880,51318
1881,51357
1882,51360
1883,51396
1884,51396
1885,51402
1886,51477
1887,51498
1888,51572
1889,51609
1890,51612
1891,51622
1892,51791
1893,51798
1894,51818
1895,51924
1896,52035
1897,52064
1898,52067
1899,52112
1900,52132
1901,52180
1902,52189
1903,52192
1904,52202
1905,52291
1906,52327
1907,52333
1908,52357
1909,52441
1910,52450
1911,52605
1912,52651
1913,52729
1914,52800
1915,52804
1916,52836
1917,52847
1918,52849
1919,52862
1920,52874
1921,52879
1922,52886
1923,52911
1924,52966
1925,52971
1926,53066
1927,53116
1928,53140
1929,53166
1930,53198
1931,53307
1932,53322
1933,53326
1934,53377
1935,53455
1936,53536
1937,53547
1938,53703
1939,53763
1940,53822
1941,53859
1942,53988
1943,53994
1944,54007
1945,54007
1946,54008
1947,54032
1948,54063
1949,54074
1950,54090
1951,54094
1952,54207
1953,54244
1954,54247
1955,54282
1956,54285
1957,54321
1958,54338
1959,54354
1960,54409
1961,54416
1962,54438
1963,54483
1964,54528
1965,54570
1966,54669
1967,54678
1968,54679
1969,54686
1970,54715
1971,54717
1972,54772
1973,54893
1974,54895
1975,54913
1976,54920
1977,55066
1978,55080
1979,55082
1980,55097
1981,55135
1982,55148
1983,55156
1984,55189
1985,55287
1986,55291
1987,55426
1988,55427
1989,55451
1990,55467
1991,55476
1992,55546
1993,55551
1994,55567
1995,55593
1996,55714
1997,55751
1998,55799
1999,55863
2000,56022
2001,56036
2002,56058
2003,56115
2004,56142
2005,56178
2006,56210
2007,56211
2008,56285
2009,56354
2010,56455
2011,56467
2012,56487
2013,56499
2014,56502
2015,56544
2016,56571
2017,56581
2018,56586
2019,56599
2020,56643
2021,56645
2022,56660
2023,56691
2024,56791
2025,56843
2026,56851
2027,56916
2028,56922
2029,57013
2030,57073
2031,57173
2032,57180
2033,57182
2034,57198
2035,57330
2036,57373
2037,57382
2038,57403
2039,57448
2040,57486
2041,57549
2042,57550
2043,57569
2044,57572
2045,57675
2046,57700
2047,57700
2048,57705
2049,57725
2050,57733
2051,57864
2052,57908
2053,57952
2054,57992
2055,57994
2056,58085
2057,58148
2058,58156
2059,58162
2060,58183
2061,58184
2062,58222
2063,58260
2064,58262
2065,58277
2066,58292
2067,58317
2068,58440
2069,58607
2070,58618
2071,58692
2072,58698
2073,58811
2074,58847
2075,58861
2076,58863
2077,58901
2078,58903
2079,58911
2080,58934
2081,58942
2082,59083
2083,59159
2084,59225
2085,59279
2086,59291
2087,59319
2088,59337
2089,59347
2090,59414
2091,59422
2092,59437
2093,59467
2094,59503
2095,59526
2096,59535
2097,59550
2098,59565
2099,59585
2100,59601
2101,59633
2102,59681
2103,59722
2104,59725
2105,59744
2106,59750
2107,59753
2108,59779
2109,59857
2110,59951
2111,59963
2112,59986
2113,60002
2114,60027
2115,60030
2116,60088
2117,60139
2118,60153
2119,60178
2120,60237
2121,60305
2122,60320
2123,60332
2124,60348
2125,60358
2126,60373
2127,60464
2128,60464
2129,60482
2130,60641
2131,60750
2132,60833
2133,60868
2134,60938
2135,61048
2136,61102
2137,61187
2138,61232
2139,61233
2140,61253
2141,61385
2142,61441
2143,61492
2144,61510
2145,61516
2146,61522
2147,61525
2148,61606
2149,61630
2150,61665
2151,61706
2152,61717
2153,61727
2154,61733
2155,61733
2156,61743
2157,61762
2158,61786
2159,61820
2160,61825
2161,61936
2162,61958
2163,61990
2164,62009
2165,62164
2166,62222
2167,62239
2168,62294
2169,62311
2170,62322
2171,62411
2172,62436
2173,62443
2174,62472
2175,62520
2176,62535
2177,62566
2178,62598
2179,62646
2180,62653
2181,62654
2182,62662
2183,62663
2184,62665
2185,62704
2186,62820
2187,62881
2188,62912
2189,62940
2190,63010
2191,63017
2192,63024
2193,63104
2194,63176
2195,63195
2196,63218
2197,63255
2198,63290
2199,63298
2200,63319
2201,63347
2202,63379
2203,63383
2204,63383
2205,63398
2206,63477
2207,63491
2208,63538
2209,63565
2210,63591
2211,63623
2212,63649
2213,63702
2214,63742
2215,63779
2216,63802
2217,63810
2218,63828
2219,63848
2220,63855
2221,63884
2222,63995
2223,64025
2224,64079
2225,64125
2226,64134
2227,64175
2228,64176
2229,64202
2230,64212
2231,64277
2232,64293
2233,64302
2234,64356
2235,64413
2236,64414
2237,64452
2238,64458
2239,64483
2240,64505
2241,64515
2242,64565
2243,64588
2244,64595
2245,64598
2246,64611
2247,64660
2248,64681
2249,64699
2250,64717
2251,64764
2252,64781
2253,64831
2254,64903
2255,64923
2256,64969
2257,65105
2258,65147
2259,65193
2260,65198
2261,65226
2262,65238
2263,65274
2264,65327
2265,65376
2266,65382
2267,65538
2268,65561
2269,65601
2270,65624
2271,65632
2272,65750
2273,65776
2274,65822
2275,65849
2276,65860
2277,65874
2278,65901
2279,65905
2280,65920
2281,65938
2282,65966
2283,65968
2284,66015
2285,66097
2286,66189
2287,66191
2288,66240
2289,66245
2290,66249
2291,66266
2292,66288
2293,66324
2294,66339
2295,66383
2296,66391
2297,66556
2298,66566
2299,66571
2300,66584
2301,66587
2302,66602
2303,66642
2304,66642
2305,66651
2306,66655
2307,66692
2308,66774
2309,66794
2310,66812
2311,66890
2312,67005
2313,67027
2314,67074
2315,67113
2316,67118
2317,67131
2318,67143
2319,67161
2320,67162
2321,67179
2322,67182
2323,67194
2324,67215
2325,67225
2326,67230
2327,67269
2328,67310
2329,67340
2330,67345
2331,67380
2332,67437
2333,67476
2334,67478
2335,67555
2336,67609
2337,67613
2338,67635
2339,67781
2340,67819
2341,67890
2342,67925
2343,67977
2344,67992
2345,68017
2346,68151
2347,68203
2348,68256
2349,68275
2350,68279
2351,68287
2352,68356
2353,68415
2354,68452
2355,68469
2356,68490
2357,68565
2358,68583
2359,68647
2360,68659
2361,68688
2362,68689
2363,68707
2364,68743
2365,68812
2366,68813
2367,68827
2368,68857
2369,68945
2370,68957
2371,68974
2372,69045
2373,69093
2374,69148
2375,69256
2376,69270
2377,69294
2378,69318
2379,69352
2380,69415
2381,69447
2382,69529
2383,69583
2384,69645
2385,69648
2386,69683
2387,69687
2388,69744
2389,69780
2390,69827
2391,69919
2392,69919
2393,69925
2394,69949
2395,70017
2396,70024
2397,70039
2398,70076
2399,70086
2400,70162
2401,70278
2402,70401
2403,70447
2404,70447
2405,70477
2406,70477
2407,70506
2408,70529
2409,70569
2410,70577
2411,70585
2412,70588
2413,70620
2414,70827
2415,70910
2416,70912
2417,70939
2418,71035
2419,71054
2420,71060
2421,71073
2422,71106
2423,71155
2424,71175
2425,71189
2426,71204
2427,71205
2428,71218
2429,71285
2430,71301
2431,71331
2432,71334
2433,71394
2434,71421
2435,71467
2436,71471
2437,71518
2438,71600
2439,71607
2440,71624
2441,71655
2442,71674
2443,71701
2444,71736
2445,71752
2446,71757
2447,71805
2448,71826
2449,71864
2450,71919
2451,71963
2452,71964
2453,71977
2454,72002
2455,72074
2456,72115
2457,72123
2458,72170
2459,72175
2460,72182
2461,72183
2462,72272
2463,72276
2464,72321
2465,72356
2466,72458
2467,72478
2468,72511
2469,72511
2470,72524
2471,72555
2472,72596
2473,72601
2474,72638
2475,72675
2476,72689
2477,72691
2478,72715
2479,72774
2480,72818
2481,72847
2482,72864
2483,72879
2484,72888
2485,73014
2486,73049
2487,73059
2488,73085
2489,73112
2490,73121
2491,73121
2492,73162
2493,73188
2494,73197
2495,73218
2496,73228
2497,73251
2498,73277
2499,73291
2500,73310
2501,73344
2502,73349
2503,73373
2504,73442
2505,73446
2506,73450
2507,73473
2508,73496
2509,73525
2510,73553
2511,73557
2512,73591
2513,73595
2514,73646
2515,73657
2516,73696
2517,73704
2518,73764
2519,73855
2520,73884
2521,73900
2522,73912
2523,73949
2524,73979
2525,73983
2526,74105
2527,74166
2528,74181
2529,74219
2530,74237
2531,74272
2532,74326
2533,74335
2534,74336
2535,74370
2536,74426
2537,74462
2538,74463
2539,74472
2540,74480
2541,74494
2542,74496
2543,74533
2544,74567
2545,74583
2546,74612
2547,74738
2548,74811
2549,74860
2550,74884
2551,74909
2552,74948
2553,74951
2554,75008
2555,75085
2556,75152
2557,75183
2558,75300
2559,75337
